{
  "colmap": {
    "success": true,
    "time": 6.247145652770996,
    "num_cameras": 50,
    "num_points": 3237,
    "metrics": {
      "psnr": 10.791742992401122,
      "ssim": 0.29445173442363737,
      "lpips": 0.7818022310733795,
      "training_history": {
        "loss": [
          0.5237386226654053,
          0.5065730214118958,
          0.4245482385158539,
          0.47416257858276367,
          0.5233786106109619,
          0.5919051766395569,
          0.5333296060562134,
          0.546187162399292,
          0.5224781036376953,
          0.3863517940044403,
          0.22764842212200165,
          0.22088514268398285,
          0.21270295977592468,
          0.18927714228630066,
          0.17413471639156342,
          0.18904295563697815,
          0.2562108039855957,
          0.18750761449337006,
          0.182112917304039,
          0.15113219618797302,
          0.17290276288986206,
          0.16799375414848328,
          0.17427241802215576,
          0.17440548539161682,
          0.18425118923187256,
          0.16953861713409424,
          0.18761199712753296,
          0.18668320775032043,
          0.14831316471099854,
          0.17824165523052216,
          0.15434977412223816,
          0.18567624688148499,
          0.14885631203651428,
          0.19735190272331238,
          0.16170388460159302,
          0.15707390010356903,
          0.18786273896694183,
          0.10804303735494614,
          0.23572543263435364,
          0.16910681128501892,
          0.14308294653892517,
          0.190693661570549,
          0.10392602533102036,
          0.1604781597852707,
          0.2658219337463379,
          0.14482998847961426,
          0.14043667912483215,
          0.13667500019073486,
          0.19079016149044037,
          0.14095203578472137,
          0.15361711382865906,
          0.13968315720558167,
          0.14231176674365997,
          0.1541624516248703,
          0.17418718338012695,
          0.14899106323719025,
          0.15223398804664612,
          0.1557733118534088,
          0.122029148042202,
          0.13661399483680725
        ],
        "psnr": [
          4.6307268142700195,
          4.814487934112549,
          6.138133525848389,
          5.334641456604004,
          4.591385841369629,
          3.796370267868042,
          4.524664402008057,
          4.407406806945801,
          4.582871437072754,
          6.691985607147217,
          11.462623596191406,
          11.696005821228027,
          11.963767051696777,
          12.83878231048584,
          13.166776657104492,
          12.38512134552002,
          9.80958366394043,
          12.783628463745117,
          12.970560073852539,
          14.54128360748291,
          13.58446979522705,
          13.31463623046875,
          13.139312744140625,
          13.020472526550293,
          13.068876266479492,
          13.232403755187988,
          12.926687240600586,
          12.725191116333008,
          14.525428771972656,
          12.915606498718262,
          14.399767875671387,
          12.860106468200684,
          14.274995803833008,
          12.192802429199219,
          13.976022720336914,
          13.647136688232422,
          12.591856956481934,
          16.823230743408203,
          10.581878662109375,
          13.188209533691406,
          14.48298454284668,
          12.563535690307617,
          17.25642204284668,
          13.93128776550293,
          9.924784660339355,
          14.37186050415039,
          14.435702323913574,
          15.150243759155273,
          12.038464546203613,
          14.739494323730469,
          13.943963050842285,
          14.770647048950195,
          14.63509464263916,
          14.00105094909668,
          12.864712715148926,
          14.38718032836914,
          14.256682395935059,
          14.175986289978027,
          15.623961448669434,
          15.049771308898926
        ],
        "num_gaussians": [
          3237,
          3237,
          3237,
          3237,
          3237,
          3237,
          3237,
          3237,
          3237,
          3237,
          3237,
          3237,
          3349,
          3349,
          2583,
          2583,
          2450,
          2450,
          2472,
          2472,
          2689,
          2689,
          2906,
          2906,
          3136,
          3136,
          3401,
          3401,
          3739,
          3739,
          4084,
          4084,
          4475,
          4475,
          4853,
          4853,
          5335,
          5335,
          5797,
          5797,
          6239,
          6239,
          6671,
          6671,
          7043,
          7043,
          7382,
          7382,
          7747,
          7747,
          8126,
          8126,
          8568,
          8568,
          8880,
          8880,
          9276,
          9276,
          9786,
          9786
        ],
        "iteration": [
          0,
          50,
          100,
          150,
          200,
          250,
          300,
          350,
          400,
          450,
          500,
          550,
          600,
          650,
          700,
          750,
          800,
          850,
          900,
          950,
          1000,
          1050,
          1100,
          1150,
          1200,
          1250,
          1300,
          1350,
          1400,
          1450,
          1500,
          1550,
          1600,
          1650,
          1700,
          1750,
          1800,
          1850,
          1900,
          1950,
          2000,
          2050,
          2100,
          2150,
          2200,
          2250,
          2300,
          2350,
          2400,
          2450,
          2500,
          2550,
          2600,
          2650,
          2700,
          2750,
          2800,
          2850,
          2900,
          2950
        ]
      }
    }
  },
  "foundation": {
    "success": true,
    "time": 25.291914463043213,
    "num_cameras": 50,
    "num_points": 2457600,
    "metrics": {
      "psnr": 9.96270751953125,
      "ssim": 0.21143933534622192,
      "lpips": 0.8789314925670624,